COUNTYFP,STATE,MODE_USAGE,MASK_FREQ,RESPONSE
29001,Missouri,ALWAYS,NEVER,0.067
29001,Missouri,ALWAYS,RARELY,0.098
29001,Missouri,ALWAYS,SOMETIMES,0.187
29001,Missouri,ALWAYS,FREQUENTLY,0.253
29001,Missouri,ALWAYS,ALWAYS,0.395
29003,Missouri,ALWAYS,NEVER,0.133
29003,Missouri,ALWAYS,RARELY,0.197
29003,Missouri,ALWAYS,SOMETIMES,0.164
29003,Missouri,ALWAYS,FREQUENTLY,0.234
29003,Missouri,ALWAYS,ALWAYS,0.272
29005,Missouri,ALWAYS,NEVER,0.09
29005,Missouri,ALWAYS,RARELY,0.144
29005,Missouri,ALWAYS,SOMETIMES,0.097
29005,Missouri,ALWAYS,FREQUENTLY,0.287
29005,Missouri,ALWAYS,ALWAYS,0.382
29007,Missouri,ALWAYS,NEVER,0.11
29007,Missouri,ALWAYS,RARELY,0.078
29007,Missouri,ALWAYS,SOMETIMES,0.203
29007,Missouri,ALWAYS,FREQUENTLY,0.281
29007,Missouri,ALWAYS,ALWAYS,0.327
29009,Missouri,ALWAYS,NEVER,0.106
29009,Missouri,ALWAYS,RARELY,0.06
29009,Missouri,ALWAYS,SOMETIMES,0.256
29009,Missouri,ALWAYS,FREQUENTLY,0.235
29009,Missouri,ALWAYS,ALWAYS,0.343
29011,Missouri,ALWAYS,NEVER,0.15
29011,Missouri,ALWAYS,RARELY,0.131
29011,Missouri,ALWAYS,SOMETIMES,0.134
29011,Missouri,ALWAYS,FREQUENTLY,0.111
29011,Missouri,ALWAYS,ALWAYS,0.474
29013,Missouri,ALWAYS,NEVER,0.138
29013,Missouri,ALWAYS,RARELY,0.068
29013,Missouri,ALWAYS,SOMETIMES,0.112
29013,Missouri,ALWAYS,FREQUENTLY,0.237
29013,Missouri,ALWAYS,ALWAYS,0.444
29015,Missouri,FREQUENTLY,NEVER,0.188
29015,Missouri,FREQUENTLY,RARELY,0.122
29015,Missouri,FREQUENTLY,SOMETIMES,0.168
29015,Missouri,FREQUENTLY,FREQUENTLY,0.277
29015,Missouri,FREQUENTLY,ALWAYS,0.245
29017,Missouri,ALWAYS,NEVER,0.097
29017,Missouri,ALWAYS,RARELY,0.152
29017,Missouri,ALWAYS,SOMETIMES,0.132
29017,Missouri,ALWAYS,FREQUENTLY,0.268
29017,Missouri,ALWAYS,ALWAYS,0.35
29019,Missouri,ALWAYS,NEVER,0.073
29019,Missouri,ALWAYS,RARELY,0.075
29019,Missouri,ALWAYS,SOMETIMES,0.113
29019,Missouri,ALWAYS,FREQUENTLY,0.224
29019,Missouri,ALWAYS,ALWAYS,0.515
29021,Missouri,ALWAYS,NEVER,0.121
29021,Missouri,ALWAYS,RARELY,0.183
29021,Missouri,ALWAYS,SOMETIMES,0.175
29021,Missouri,ALWAYS,FREQUENTLY,0.219
29021,Missouri,ALWAYS,ALWAYS,0.302
29023,Missouri,ALWAYS,NEVER,0.189
29023,Missouri,ALWAYS,RARELY,0.175
29023,Missouri,ALWAYS,SOMETIMES,0.16
29023,Missouri,ALWAYS,FREQUENTLY,0.135
29023,Missouri,ALWAYS,ALWAYS,0.342
29025,Missouri,ALWAYS,NEVER,0.109
29025,Missouri,ALWAYS,RARELY,0.133
29025,Missouri,ALWAYS,SOMETIMES,0.211
29025,Missouri,ALWAYS,FREQUENTLY,0.18
29025,Missouri,ALWAYS,ALWAYS,0.367
29027,Missouri,ALWAYS,NEVER,0.123
29027,Missouri,ALWAYS,RARELY,0.12
29027,Missouri,ALWAYS,SOMETIMES,0.217
29027,Missouri,ALWAYS,FREQUENTLY,0.196
29027,Missouri,ALWAYS,ALWAYS,0.344
29029,Missouri,ALWAYS,NEVER,0.266
29029,Missouri,ALWAYS,RARELY,0.093
29029,Missouri,ALWAYS,SOMETIMES,0.147
29029,Missouri,ALWAYS,FREQUENTLY,0.124
29029,Missouri,ALWAYS,ALWAYS,0.371
29031,Missouri,ALWAYS,NEVER,0.08
29031,Missouri,ALWAYS,RARELY,0.109
29031,Missouri,ALWAYS,SOMETIMES,0.137
29031,Missouri,ALWAYS,FREQUENTLY,0.285
29031,Missouri,ALWAYS,ALWAYS,0.389
29033,Missouri,ALWAYS,NEVER,0.155
29033,Missouri,ALWAYS,RARELY,0.13
29033,Missouri,ALWAYS,SOMETIMES,0.078
29033,Missouri,ALWAYS,FREQUENTLY,0.286
29033,Missouri,ALWAYS,ALWAYS,0.351
29035,Missouri,RARELY,NEVER,0.159
29035,Missouri,RARELY,RARELY,0.285
29035,Missouri,RARELY,SOMETIMES,0.151
29035,Missouri,RARELY,FREQUENTLY,0.125
29035,Missouri,RARELY,ALWAYS,0.281
29037,Missouri,ALWAYS,NEVER,0.027
29037,Missouri,ALWAYS,RARELY,0.082
29037,Missouri,ALWAYS,SOMETIMES,0.17
29037,Missouri,ALWAYS,FREQUENTLY,0.185
29037,Missouri,ALWAYS,ALWAYS,0.535
29039,Missouri,ALWAYS,NEVER,0.275
29039,Missouri,ALWAYS,RARELY,0.056
29039,Missouri,ALWAYS,SOMETIMES,0.173
29039,Missouri,ALWAYS,FREQUENTLY,0.155
29039,Missouri,ALWAYS,ALWAYS,0.341
29041,Missouri,ALWAYS,NEVER,0.117
29041,Missouri,ALWAYS,RARELY,0.141
29041,Missouri,ALWAYS,SOMETIMES,0.084
29041,Missouri,ALWAYS,FREQUENTLY,0.278
29041,Missouri,ALWAYS,ALWAYS,0.38
29043,Missouri,ALWAYS,NEVER,0.13
29043,Missouri,ALWAYS,RARELY,0.113
29043,Missouri,ALWAYS,SOMETIMES,0.053
29043,Missouri,ALWAYS,FREQUENTLY,0.253
29043,Missouri,ALWAYS,ALWAYS,0.451
29045,Missouri,ALWAYS,NEVER,0.154
29045,Missouri,ALWAYS,RARELY,0.138
29045,Missouri,ALWAYS,SOMETIMES,0.165
29045,Missouri,ALWAYS,FREQUENTLY,0.223
29045,Missouri,ALWAYS,ALWAYS,0.32
29047,Missouri,ALWAYS,NEVER,0.033
29047,Missouri,ALWAYS,RARELY,0.037
29047,Missouri,ALWAYS,SOMETIMES,0.076
29047,Missouri,ALWAYS,FREQUENTLY,0.199
29047,Missouri,ALWAYS,ALWAYS,0.655
29049,Missouri,ALWAYS,NEVER,0.066
29049,Missouri,ALWAYS,RARELY,0.103
29049,Missouri,ALWAYS,SOMETIMES,0.106
29049,Missouri,ALWAYS,FREQUENTLY,0.209
29049,Missouri,ALWAYS,ALWAYS,0.517
29051,Missouri,ALWAYS,NEVER,0.087
29051,Missouri,ALWAYS,RARELY,0.185
29051,Missouri,ALWAYS,SOMETIMES,0.107
29051,Missouri,ALWAYS,FREQUENTLY,0.187
29051,Missouri,ALWAYS,ALWAYS,0.434
29053,Missouri,ALWAYS,NEVER,0.06
29053,Missouri,ALWAYS,RARELY,0.09
29053,Missouri,ALWAYS,SOMETIMES,0.127
29053,Missouri,ALWAYS,FREQUENTLY,0.183
29053,Missouri,ALWAYS,ALWAYS,0.54
29055,Missouri,ALWAYS,NEVER,0.167
29055,Missouri,ALWAYS,RARELY,0.148
29055,Missouri,ALWAYS,SOMETIMES,0.136
29055,Missouri,ALWAYS,FREQUENTLY,0.159
29055,Missouri,ALWAYS,ALWAYS,0.391
29057,Missouri,ALWAYS,NEVER,0.312
29057,Missouri,ALWAYS,RARELY,0.044
29057,Missouri,ALWAYS,SOMETIMES,0.138
29057,Missouri,ALWAYS,FREQUENTLY,0.136
29057,Missouri,ALWAYS,ALWAYS,0.369
29059,Missouri,ALWAYS,NEVER,0.165
29059,Missouri,ALWAYS,RARELY,0.143
29059,Missouri,ALWAYS,SOMETIMES,0.167
29059,Missouri,ALWAYS,FREQUENTLY,0.154
29059,Missouri,ALWAYS,ALWAYS,0.371
29061,Missouri,ALWAYS,NEVER,0.124
29061,Missouri,ALWAYS,RARELY,0.166
29061,Missouri,ALWAYS,SOMETIMES,0.172
29061,Missouri,ALWAYS,FREQUENTLY,0.247
29061,Missouri,ALWAYS,ALWAYS,0.291
29063,Missouri,ALWAYS,NEVER,0.144
29063,Missouri,ALWAYS,RARELY,0.133
29063,Missouri,ALWAYS,SOMETIMES,0.159
29063,Missouri,ALWAYS,FREQUENTLY,0.241
29063,Missouri,ALWAYS,ALWAYS,0.323
29065,Missouri,ALWAYS,NEVER,0.167
29065,Missouri,ALWAYS,RARELY,0.169
29065,Missouri,ALWAYS,SOMETIMES,0.175
29065,Missouri,ALWAYS,FREQUENTLY,0.196
29065,Missouri,ALWAYS,ALWAYS,0.293
29067,Missouri,ALWAYS,NEVER,0.285
29067,Missouri,ALWAYS,RARELY,0.149
29067,Missouri,ALWAYS,SOMETIMES,0.07
29067,Missouri,ALWAYS,FREQUENTLY,0.167
29067,Missouri,ALWAYS,ALWAYS,0.328
29069,Missouri,ALWAYS,NEVER,0.068
29069,Missouri,ALWAYS,RARELY,0.085
29069,Missouri,ALWAYS,SOMETIMES,0.154
29069,Missouri,ALWAYS,FREQUENTLY,0.215
29069,Missouri,ALWAYS,ALWAYS,0.478
29071,Missouri,ALWAYS,NEVER,0.122
29071,Missouri,ALWAYS,RARELY,0.086
29071,Missouri,ALWAYS,SOMETIMES,0.1
29071,Missouri,ALWAYS,FREQUENTLY,0.233
29071,Missouri,ALWAYS,ALWAYS,0.458
29073,Missouri,ALWAYS,NEVER,0.086
29073,Missouri,ALWAYS,RARELY,0.207
29073,Missouri,ALWAYS,SOMETIMES,0.168
29073,Missouri,ALWAYS,FREQUENTLY,0.135
29073,Missouri,ALWAYS,ALWAYS,0.404
29075,Missouri,FREQUENTLY,NEVER,0.101
29075,Missouri,FREQUENTLY,RARELY,0.166
29075,Missouri,FREQUENTLY,SOMETIMES,0.182
29075,Missouri,FREQUENTLY,FREQUENTLY,0.299
29075,Missouri,FREQUENTLY,ALWAYS,0.251
29077,Missouri,ALWAYS,NEVER,0.099
29077,Missouri,ALWAYS,RARELY,0.082
29077,Missouri,ALWAYS,SOMETIMES,0.128
29077,Missouri,ALWAYS,FREQUENTLY,0.272
29077,Missouri,ALWAYS,ALWAYS,0.418
29079,Missouri,FREQUENTLY,NEVER,0.195
29079,Missouri,FREQUENTLY,RARELY,0.193
29079,Missouri,FREQUENTLY,SOMETIMES,0.129
29079,Missouri,FREQUENTLY,FREQUENTLY,0.247
29079,Missouri,FREQUENTLY,ALWAYS,0.236
29081,Missouri,FREQUENTLY,NEVER,0.173
29081,Missouri,FREQUENTLY,RARELY,0.128
29081,Missouri,FREQUENTLY,SOMETIMES,0.215
29081,Missouri,FREQUENTLY,FREQUENTLY,0.248
29081,Missouri,FREQUENTLY,ALWAYS,0.236
29083,Missouri,FREQUENTLY,NEVER,0.128
29083,Missouri,FREQUENTLY,RARELY,0.147
29083,Missouri,FREQUENTLY,SOMETIMES,0.117
29083,Missouri,FREQUENTLY,FREQUENTLY,0.345
29083,Missouri,FREQUENTLY,ALWAYS,0.262
29085,Missouri,ALWAYS,NEVER,0.182
29085,Missouri,ALWAYS,RARELY,0.18
29085,Missouri,ALWAYS,SOMETIMES,0.159
29085,Missouri,ALWAYS,FREQUENTLY,0.164
29085,Missouri,ALWAYS,ALWAYS,0.316
29087,Missouri,ALWAYS,NEVER,0.129
29087,Missouri,ALWAYS,RARELY,0.223
29087,Missouri,ALWAYS,SOMETIMES,0.156
29087,Missouri,ALWAYS,FREQUENTLY,0.232
29087,Missouri,ALWAYS,ALWAYS,0.26
29089,Missouri,ALWAYS,NEVER,0.076
29089,Missouri,ALWAYS,RARELY,0.096
29089,Missouri,ALWAYS,SOMETIMES,0.107
29089,Missouri,ALWAYS,FREQUENTLY,0.191
29089,Missouri,ALWAYS,ALWAYS,0.531
29091,Missouri,NEVER,NEVER,0.301
29091,Missouri,NEVER,RARELY,0.142
29091,Missouri,NEVER,SOMETIMES,0.208
29091,Missouri,NEVER,FREQUENTLY,0.107
29091,Missouri,NEVER,ALWAYS,0.242
29093,Missouri,ALWAYS,NEVER,0.133
29093,Missouri,ALWAYS,RARELY,0.091
29093,Missouri,ALWAYS,SOMETIMES,0.072
29093,Missouri,ALWAYS,FREQUENTLY,0.28
29093,Missouri,ALWAYS,ALWAYS,0.423
29095,Missouri,ALWAYS,NEVER,0.027
29095,Missouri,ALWAYS,RARELY,0.066
29095,Missouri,ALWAYS,SOMETIMES,0.088
29095,Missouri,ALWAYS,FREQUENTLY,0.21
29095,Missouri,ALWAYS,ALWAYS,0.609
29097,Missouri,ALWAYS,NEVER,0.138
29097,Missouri,ALWAYS,RARELY,0.152
29097,Missouri,ALWAYS,SOMETIMES,0.147
29097,Missouri,ALWAYS,FREQUENTLY,0.176
29097,Missouri,ALWAYS,ALWAYS,0.388
29099,Missouri,ALWAYS,NEVER,0.042
29099,Missouri,ALWAYS,RARELY,0.117
29099,Missouri,ALWAYS,SOMETIMES,0.178
29099,Missouri,ALWAYS,FREQUENTLY,0.216
29099,Missouri,ALWAYS,ALWAYS,0.447
29101,Missouri,ALWAYS,NEVER,0.168
29101,Missouri,ALWAYS,RARELY,0.107
29101,Missouri,ALWAYS,SOMETIMES,0.026
29101,Missouri,ALWAYS,FREQUENTLY,0.189
29101,Missouri,ALWAYS,ALWAYS,0.511
29103,Missouri,ALWAYS,NEVER,0.082
29103,Missouri,ALWAYS,RARELY,0.112
29103,Missouri,ALWAYS,SOMETIMES,0.182
29103,Missouri,ALWAYS,FREQUENTLY,0.271
29103,Missouri,ALWAYS,ALWAYS,0.353
29105,Missouri,NEVER,NEVER,0.313
29105,Missouri,NEVER,RARELY,0.121
29105,Missouri,NEVER,SOMETIMES,0.172
29105,Missouri,NEVER,FREQUENTLY,0.107
29105,Missouri,NEVER,ALWAYS,0.287
29107,Missouri,ALWAYS,NEVER,0.033
29107,Missouri,ALWAYS,RARELY,0.098
29107,Missouri,ALWAYS,SOMETIMES,0.052
29107,Missouri,ALWAYS,FREQUENTLY,0.247
29107,Missouri,ALWAYS,ALWAYS,0.571
29109,Missouri,SOMETIMES,NEVER,0.241
29109,Missouri,SOMETIMES,RARELY,0.05
29109,Missouri,SOMETIMES,SOMETIMES,0.251
29109,Missouri,SOMETIMES,FREQUENTLY,0.222
29109,Missouri,SOMETIMES,ALWAYS,0.237
29111,Missouri,ALWAYS,NEVER,0.164
29111,Missouri,ALWAYS,RARELY,0.109
29111,Missouri,ALWAYS,SOMETIMES,0.177
29111,Missouri,ALWAYS,FREQUENTLY,0.23
29111,Missouri,ALWAYS,ALWAYS,0.32
29113,Missouri,ALWAYS,NEVER,0.063
29113,Missouri,ALWAYS,RARELY,0.119
29113,Missouri,ALWAYS,SOMETIMES,0.236
29113,Missouri,ALWAYS,FREQUENTLY,0.282
29113,Missouri,ALWAYS,ALWAYS,0.299
29115,Missouri,ALWAYS,NEVER,0.126
29115,Missouri,ALWAYS,RARELY,0.156
29115,Missouri,ALWAYS,SOMETIMES,0.118
29115,Missouri,ALWAYS,FREQUENTLY,0.274
29115,Missouri,ALWAYS,ALWAYS,0.326
29117,Missouri,ALWAYS,NEVER,0.15
29117,Missouri,ALWAYS,RARELY,0.228
29117,Missouri,ALWAYS,SOMETIMES,0.111
29117,Missouri,ALWAYS,FREQUENTLY,0.25
29117,Missouri,ALWAYS,ALWAYS,0.26
29119,Missouri,ALWAYS,NEVER,0.152
29119,Missouri,ALWAYS,RARELY,0.145
29119,Missouri,ALWAYS,SOMETIMES,0.089
29119,Missouri,ALWAYS,FREQUENTLY,0.138
29119,Missouri,ALWAYS,ALWAYS,0.476
29121,Missouri,ALWAYS,NEVER,0.118
29121,Missouri,ALWAYS,RARELY,0.127
29121,Missouri,ALWAYS,SOMETIMES,0.158
29121,Missouri,ALWAYS,FREQUENTLY,0.258
29121,Missouri,ALWAYS,ALWAYS,0.338
29123,Missouri,ALWAYS,NEVER,0.082
29123,Missouri,ALWAYS,RARELY,0.124
29123,Missouri,ALWAYS,SOMETIMES,0.092
29123,Missouri,ALWAYS,FREQUENTLY,0.296
29123,Missouri,ALWAYS,ALWAYS,0.406
29125,Missouri,ALWAYS,NEVER,0.098
29125,Missouri,ALWAYS,RARELY,0.158
29125,Missouri,ALWAYS,SOMETIMES,0.121
29125,Missouri,ALWAYS,FREQUENTLY,0.198
29125,Missouri,ALWAYS,ALWAYS,0.424
29127,Missouri,ALWAYS,NEVER,0.178
29127,Missouri,ALWAYS,RARELY,0.093
29127,Missouri,ALWAYS,SOMETIMES,0.212
29127,Missouri,ALWAYS,FREQUENTLY,0.185
29127,Missouri,ALWAYS,ALWAYS,0.332
29129,Missouri,ALWAYS,NEVER,0.23
29129,Missouri,ALWAYS,RARELY,0.13
29129,Missouri,ALWAYS,SOMETIMES,0.216
29129,Missouri,ALWAYS,FREQUENTLY,0.162
29129,Missouri,ALWAYS,ALWAYS,0.261
29131,Missouri,ALWAYS,NEVER,0.2
29131,Missouri,ALWAYS,RARELY,0.126
29131,Missouri,ALWAYS,SOMETIMES,0.137
29131,Missouri,ALWAYS,FREQUENTLY,0.147
29131,Missouri,ALWAYS,ALWAYS,0.39
29133,Missouri,ALWAYS,NEVER,0.129
29133,Missouri,ALWAYS,RARELY,0.097
29133,Missouri,ALWAYS,SOMETIMES,0.141
29133,Missouri,ALWAYS,FREQUENTLY,0.221
29133,Missouri,ALWAYS,ALWAYS,0.413
29135,Missouri,ALWAYS,NEVER,0.102
29135,Missouri,ALWAYS,RARELY,0.268
29135,Missouri,ALWAYS,SOMETIMES,0.11
29135,Missouri,ALWAYS,FREQUENTLY,0.202
29135,Missouri,ALWAYS,ALWAYS,0.318
29137,Missouri,ALWAYS,NEVER,0.164
29137,Missouri,ALWAYS,RARELY,0.105
29137,Missouri,ALWAYS,SOMETIMES,0.182
29137,Missouri,ALWAYS,FREQUENTLY,0.203
29137,Missouri,ALWAYS,ALWAYS,0.346
29139,Missouri,ALWAYS,NEVER,0.062
29139,Missouri,ALWAYS,RARELY,0.077
29139,Missouri,ALWAYS,SOMETIMES,0.161
29139,Missouri,ALWAYS,FREQUENTLY,0.307
29139,Missouri,ALWAYS,ALWAYS,0.392
29141,Missouri,ALWAYS,NEVER,0.211
29141,Missouri,ALWAYS,RARELY,0.118
29141,Missouri,ALWAYS,SOMETIMES,0.175
29141,Missouri,ALWAYS,FREQUENTLY,0.193
29141,Missouri,ALWAYS,ALWAYS,0.304
29143,Missouri,ALWAYS,NEVER,0.098
29143,Missouri,ALWAYS,RARELY,0.112
29143,Missouri,ALWAYS,SOMETIMES,0.149
29143,Missouri,ALWAYS,FREQUENTLY,0.18
29143,Missouri,ALWAYS,ALWAYS,0.461
29145,Missouri,ALWAYS,NEVER,0.156
29145,Missouri,ALWAYS,RARELY,0.121
29145,Missouri,ALWAYS,SOMETIMES,0.14
29145,Missouri,ALWAYS,FREQUENTLY,0.211
29145,Missouri,ALWAYS,ALWAYS,0.373
29147,Missouri,FREQUENTLY,NEVER,0.093
29147,Missouri,FREQUENTLY,RARELY,0.193
29147,Missouri,FREQUENTLY,SOMETIMES,0.16
29147,Missouri,FREQUENTLY,FREQUENTLY,0.283
29147,Missouri,FREQUENTLY,ALWAYS,0.272
29149,Missouri,SOMETIMES,NEVER,0.142
29149,Missouri,SOMETIMES,RARELY,0.196
29149,Missouri,SOMETIMES,SOMETIMES,0.293
29149,Missouri,SOMETIMES,FREQUENTLY,0.129
29149,Missouri,SOMETIMES,ALWAYS,0.241
29151,Missouri,ALWAYS,NEVER,0.067
29151,Missouri,ALWAYS,RARELY,0.133
29151,Missouri,ALWAYS,SOMETIMES,0.171
29151,Missouri,ALWAYS,FREQUENTLY,0.16
29151,Missouri,ALWAYS,ALWAYS,0.469
29153,Missouri,ALWAYS,NEVER,0.179
29153,Missouri,ALWAYS,RARELY,0.128
29153,Missouri,ALWAYS,SOMETIMES,0.128
29153,Missouri,ALWAYS,FREQUENTLY,0.13
29153,Missouri,ALWAYS,ALWAYS,0.435
29155,Missouri,ALWAYS,NEVER,0.079
29155,Missouri,ALWAYS,RARELY,0.134
29155,Missouri,ALWAYS,SOMETIMES,0.175
29155,Missouri,ALWAYS,FREQUENTLY,0.204
29155,Missouri,ALWAYS,ALWAYS,0.407
29157,Missouri,ALWAYS,NEVER,0.032
29157,Missouri,ALWAYS,RARELY,0.102
29157,Missouri,ALWAYS,SOMETIMES,0.156
29157,Missouri,ALWAYS,FREQUENTLY,0.302
29157,Missouri,ALWAYS,ALWAYS,0.408
29159,Missouri,ALWAYS,NEVER,0.185
29159,Missouri,ALWAYS,RARELY,0.111
29159,Missouri,ALWAYS,SOMETIMES,0.156
29159,Missouri,ALWAYS,FREQUENTLY,0.254
29159,Missouri,ALWAYS,ALWAYS,0.294
29161,Missouri,ALWAYS,NEVER,0.139
29161,Missouri,ALWAYS,RARELY,0.177
29161,Missouri,ALWAYS,SOMETIMES,0.119
29161,Missouri,ALWAYS,FREQUENTLY,0.244
29161,Missouri,ALWAYS,ALWAYS,0.32
29163,Missouri,SOMETIMES,NEVER,0.082
29163,Missouri,SOMETIMES,RARELY,0.128
29163,Missouri,SOMETIMES,SOMETIMES,0.363
29163,Missouri,SOMETIMES,FREQUENTLY,0.263
29163,Missouri,SOMETIMES,ALWAYS,0.164
29165,Missouri,ALWAYS,NEVER,0.044
29165,Missouri,ALWAYS,RARELY,0.04
29165,Missouri,ALWAYS,SOMETIMES,0.088
29165,Missouri,ALWAYS,FREQUENTLY,0.189
29165,Missouri,ALWAYS,ALWAYS,0.638
29167,Missouri,ALWAYS,NEVER,0.183
29167,Missouri,ALWAYS,RARELY,0.109
29167,Missouri,ALWAYS,SOMETIMES,0.103
29167,Missouri,ALWAYS,FREQUENTLY,0.189
29167,Missouri,ALWAYS,ALWAYS,0.416
29169,Missouri,ALWAYS,NEVER,0.208
29169,Missouri,ALWAYS,RARELY,0.103
29169,Missouri,ALWAYS,SOMETIMES,0.16
29169,Missouri,ALWAYS,FREQUENTLY,0.175
29169,Missouri,ALWAYS,ALWAYS,0.354
29171,Missouri,ALWAYS,NEVER,0.107
29171,Missouri,ALWAYS,RARELY,0.111
29171,Missouri,ALWAYS,SOMETIMES,0.209
29171,Missouri,ALWAYS,FREQUENTLY,0.191
29171,Missouri,ALWAYS,ALWAYS,0.382
29173,Missouri,ALWAYS,NEVER,0.16
29173,Missouri,ALWAYS,RARELY,0.106
29173,Missouri,ALWAYS,SOMETIMES,0.248
29173,Missouri,ALWAYS,FREQUENTLY,0.196
29173,Missouri,ALWAYS,ALWAYS,0.29
29175,Missouri,ALWAYS,NEVER,0.163
29175,Missouri,ALWAYS,RARELY,0.088
29175,Missouri,ALWAYS,SOMETIMES,0.145
29175,Missouri,ALWAYS,FREQUENTLY,0.194
29175,Missouri,ALWAYS,ALWAYS,0.41
29177,Missouri,ALWAYS,NEVER,0.073
29177,Missouri,ALWAYS,RARELY,0.124
29177,Missouri,ALWAYS,SOMETIMES,0.233
29177,Missouri,ALWAYS,FREQUENTLY,0.184
29177,Missouri,ALWAYS,ALWAYS,0.386
29179,Missouri,ALWAYS,NEVER,0.137
29179,Missouri,ALWAYS,RARELY,0.183
29179,Missouri,ALWAYS,SOMETIMES,0.085
29179,Missouri,ALWAYS,FREQUENTLY,0.229
29179,Missouri,ALWAYS,ALWAYS,0.366
29181,Missouri,ALWAYS,NEVER,0.126
29181,Missouri,ALWAYS,RARELY,0.254
29181,Missouri,ALWAYS,SOMETIMES,0.161
29181,Missouri,ALWAYS,FREQUENTLY,0.15
29181,Missouri,ALWAYS,ALWAYS,0.308
29183,Missouri,ALWAYS,NEVER,0.041
29183,Missouri,ALWAYS,RARELY,0.05
29183,Missouri,ALWAYS,SOMETIMES,0.091
29183,Missouri,ALWAYS,FREQUENTLY,0.286
29183,Missouri,ALWAYS,ALWAYS,0.532
29185,Missouri,FREQUENTLY,NEVER,0.163
29185,Missouri,FREQUENTLY,RARELY,0.145
29185,Missouri,FREQUENTLY,SOMETIMES,0.182
29185,Missouri,FREQUENTLY,FREQUENTLY,0.279
29185,Missouri,FREQUENTLY,ALWAYS,0.23
29186,Missouri,ALWAYS,NEVER,0.025
29186,Missouri,ALWAYS,RARELY,0.14
29186,Missouri,ALWAYS,SOMETIMES,0.144
29186,Missouri,ALWAYS,FREQUENTLY,0.311
29186,Missouri,ALWAYS,ALWAYS,0.38
29187,Missouri,ALWAYS,NEVER,0.103
29187,Missouri,ALWAYS,RARELY,0.12
29187,Missouri,ALWAYS,SOMETIMES,0.085
29187,Missouri,ALWAYS,FREQUENTLY,0.264
29187,Missouri,ALWAYS,ALWAYS,0.428
29189,Missouri,ALWAYS,NEVER,0.024
29189,Missouri,ALWAYS,RARELY,0.028
29189,Missouri,ALWAYS,SOMETIMES,0.069
29189,Missouri,ALWAYS,FREQUENTLY,0.182
29189,Missouri,ALWAYS,ALWAYS,0.697
29195,Missouri,ALWAYS,NEVER,0.083
29195,Missouri,ALWAYS,RARELY,0.23
29195,Missouri,ALWAYS,SOMETIMES,0.112
29195,Missouri,ALWAYS,FREQUENTLY,0.186
29195,Missouri,ALWAYS,ALWAYS,0.389
29197,Missouri,ALWAYS,NEVER,0.05
29197,Missouri,ALWAYS,RARELY,0.101
29197,Missouri,ALWAYS,SOMETIMES,0.211
29197,Missouri,ALWAYS,FREQUENTLY,0.222
29197,Missouri,ALWAYS,ALWAYS,0.416
29199,Missouri,ALWAYS,NEVER,0.073
29199,Missouri,ALWAYS,RARELY,0.112
29199,Missouri,ALWAYS,SOMETIMES,0.209
29199,Missouri,ALWAYS,FREQUENTLY,0.246
29199,Missouri,ALWAYS,ALWAYS,0.361
29201,Missouri,ALWAYS,NEVER,0.125
29201,Missouri,ALWAYS,RARELY,0.115
29201,Missouri,ALWAYS,SOMETIMES,0.128
29201,Missouri,ALWAYS,FREQUENTLY,0.247
29201,Missouri,ALWAYS,ALWAYS,0.385
29203,Missouri,RARELY,NEVER,0.212
29203,Missouri,RARELY,RARELY,0.25
29203,Missouri,RARELY,SOMETIMES,0.198
29203,Missouri,RARELY,FREQUENTLY,0.098
29203,Missouri,RARELY,ALWAYS,0.243
29205,Missouri,ALWAYS,NEVER,0.142
29205,Missouri,ALWAYS,RARELY,0.144
29205,Missouri,ALWAYS,SOMETIMES,0.16
29205,Missouri,ALWAYS,FREQUENTLY,0.238
29205,Missouri,ALWAYS,ALWAYS,0.317
29207,Missouri,ALWAYS,NEVER,0.137
29207,Missouri,ALWAYS,RARELY,0.12
29207,Missouri,ALWAYS,SOMETIMES,0.156
29207,Missouri,ALWAYS,FREQUENTLY,0.176
29207,Missouri,ALWAYS,ALWAYS,0.411
29209,Missouri,ALWAYS,NEVER,0.056
29209,Missouri,ALWAYS,RARELY,0.093
29209,Missouri,ALWAYS,SOMETIMES,0.171
29209,Missouri,ALWAYS,FREQUENTLY,0.247
29209,Missouri,ALWAYS,ALWAYS,0.434
29211,Missouri,ALWAYS,NEVER,0.136
29211,Missouri,ALWAYS,RARELY,0.127
29211,Missouri,ALWAYS,SOMETIMES,0.174
29211,Missouri,ALWAYS,FREQUENTLY,0.223
29211,Missouri,ALWAYS,ALWAYS,0.341
29213,Missouri,ALWAYS,NEVER,0.053
29213,Missouri,ALWAYS,RARELY,0.079
29213,Missouri,ALWAYS,SOMETIMES,0.214
29213,Missouri,ALWAYS,FREQUENTLY,0.155
29213,Missouri,ALWAYS,ALWAYS,0.499
29215,Missouri,NEVER,NEVER,0.309
29215,Missouri,NEVER,RARELY,0.171
29215,Missouri,NEVER,SOMETIMES,0.231
29215,Missouri,NEVER,FREQUENTLY,0.106
29215,Missouri,NEVER,ALWAYS,0.183
29217,Missouri,ALWAYS,NEVER,0.164
29217,Missouri,ALWAYS,RARELY,0.105
29217,Missouri,ALWAYS,SOMETIMES,0.11
29217,Missouri,ALWAYS,FREQUENTLY,0.125
29217,Missouri,ALWAYS,ALWAYS,0.496
29219,Missouri,ALWAYS,NEVER,0.11
29219,Missouri,ALWAYS,RARELY,0.083
29219,Missouri,ALWAYS,SOMETIMES,0.111
29219,Missouri,ALWAYS,FREQUENTLY,0.25
29219,Missouri,ALWAYS,ALWAYS,0.446
29221,Missouri,ALWAYS,NEVER,0.181
29221,Missouri,ALWAYS,RARELY,0.092
29221,Missouri,ALWAYS,SOMETIMES,0.118
29221,Missouri,ALWAYS,FREQUENTLY,0.191
29221,Missouri,ALWAYS,ALWAYS,0.418
29223,Missouri,ALWAYS,NEVER,0.191
29223,Missouri,ALWAYS,RARELY,0.171
29223,Missouri,ALWAYS,SOMETIMES,0.13
29223,Missouri,ALWAYS,FREQUENTLY,0.196
29223,Missouri,ALWAYS,ALWAYS,0.313
29225,Missouri,ALWAYS,NEVER,0.297
29225,Missouri,ALWAYS,RARELY,0.09
29225,Missouri,ALWAYS,SOMETIMES,0.162
29225,Missouri,ALWAYS,FREQUENTLY,0.137
29225,Missouri,ALWAYS,ALWAYS,0.313
29227,Missouri,FREQUENTLY,NEVER,0.098
29227,Missouri,FREQUENTLY,RARELY,0.17
29227,Missouri,FREQUENTLY,SOMETIMES,0.218
29227,Missouri,FREQUENTLY,FREQUENTLY,0.272
29227,Missouri,FREQUENTLY,ALWAYS,0.241
29229,Missouri,NEVER,NEVER,0.419
29229,Missouri,NEVER,RARELY,0.139
29229,Missouri,NEVER,SOMETIMES,0.187
29229,Missouri,NEVER,FREQUENTLY,0.1
29229,Missouri,NEVER,ALWAYS,0.155
29510,Missouri,ALWAYS,NEVER,0.039
29510,Missouri,ALWAYS,RARELY,0.017
29510,Missouri,ALWAYS,SOMETIMES,0.08
29510,Missouri,ALWAYS,FREQUENTLY,0.137
29510,Missouri,ALWAYS,ALWAYS,0.726
30001,Montana,ALWAYS,NEVER,0.165
30001,Montana,ALWAYS,RARELY,0.127
30001,Montana,ALWAYS,SOMETIMES,0.102
30001,Montana,ALWAYS,FREQUENTLY,0.18
30001,Montana,ALWAYS,ALWAYS,0.425
30003,Montana,ALWAYS,NEVER,0.136
30003,Montana,ALWAYS,RARELY,0.196
30003,Montana,ALWAYS,SOMETIMES,0.147
30003,Montana,ALWAYS,FREQUENTLY,0.25
30003,Montana,ALWAYS,ALWAYS,0.271
30005,Montana,NEVER,NEVER,0.287
30005,Montana,NEVER,RARELY,0.08
30005,Montana,NEVER,SOMETIMES,0.188
30005,Montana,NEVER,FREQUENTLY,0.252
30005,Montana,NEVER,ALWAYS,0.192
30007,Montana,ALWAYS,NEVER,0.165
30007,Montana,ALWAYS,RARELY,0.098
30007,Montana,ALWAYS,SOMETIMES,0.099
30007,Montana,ALWAYS,FREQUENTLY,0.199
30007,Montana,ALWAYS,ALWAYS,0.439
30009,Montana,ALWAYS,NEVER,0.14
30009,Montana,ALWAYS,RARELY,0.169
30009,Montana,ALWAYS,SOMETIMES,0.163
30009,Montana,ALWAYS,FREQUENTLY,0.26
30009,Montana,ALWAYS,ALWAYS,0.267
30011,Montana,ALWAYS,NEVER,0.123
30011,Montana,ALWAYS,RARELY,0.121
30011,Montana,ALWAYS,SOMETIMES,0.127
30011,Montana,ALWAYS,FREQUENTLY,0.212
30011,Montana,ALWAYS,ALWAYS,0.417
30013,Montana,ALWAYS,NEVER,0.17
30013,Montana,ALWAYS,RARELY,0.143
30013,Montana,ALWAYS,SOMETIMES,0.16
30013,Montana,ALWAYS,FREQUENTLY,0.145
30013,Montana,ALWAYS,ALWAYS,0.382
30015,Montana,ALWAYS,NEVER,0.196
30015,Montana,ALWAYS,RARELY,0.135
30015,Montana,ALWAYS,SOMETIMES,0.171
30015,Montana,ALWAYS,FREQUENTLY,0.152
30015,Montana,ALWAYS,ALWAYS,0.346
30017,Montana,FREQUENTLY,NEVER,0.085
30017,Montana,FREQUENTLY,RARELY,0.261
30017,Montana,FREQUENTLY,SOMETIMES,0.144
30017,Montana,FREQUENTLY,FREQUENTLY,0.28
30017,Montana,FREQUENTLY,ALWAYS,0.23
30019,Montana,FREQUENTLY,NEVER,0.172
30019,Montana,FREQUENTLY,RARELY,0.244
30019,Montana,FREQUENTLY,SOMETIMES,0.186
30019,Montana,FREQUENTLY,FREQUENTLY,0.269
30019,Montana,FREQUENTLY,ALWAYS,0.129
30021,Montana,FREQUENTLY,NEVER,0.139
30021,Montana,FREQUENTLY,RARELY,0.249
30021,Montana,FREQUENTLY,SOMETIMES,0.176
30021,Montana,FREQUENTLY,FREQUENTLY,0.274
30021,Montana,FREQUENTLY,ALWAYS,0.161
30023,Montana,ALWAYS,NEVER,0.141
30023,Montana,ALWAYS,RARELY,0.173
30023,Montana,ALWAYS,SOMETIMES,0.064
30023,Montana,ALWAYS,FREQUENTLY,0.133
30023,Montana,ALWAYS,ALWAYS,0.489
30025,Montana,FREQUENTLY,NEVER,0.118
30025,Montana,FREQUENTLY,RARELY,0.199
30025,Montana,FREQUENTLY,SOMETIMES,0.146
30025,Montana,FREQUENTLY,FREQUENTLY,0.296
30025,Montana,FREQUENTLY,ALWAYS,0.24
30027,Montana,NEVER,NEVER,0.284
30027,Montana,NEVER,RARELY,0.111
30027,Montana,NEVER,SOMETIMES,0.157
30027,Montana,NEVER,FREQUENTLY,0.187
30027,Montana,NEVER,ALWAYS,0.261
30029,Montana,ALWAYS,NEVER,0.076
30029,Montana,ALWAYS,RARELY,0.167
30029,Montana,ALWAYS,SOMETIMES,0.159
30029,Montana,ALWAYS,FREQUENTLY,0.224
30029,Montana,ALWAYS,ALWAYS,0.374
30031,Montana,ALWAYS,NEVER,0.132
30031,Montana,ALWAYS,RARELY,0.093
30031,Montana,ALWAYS,SOMETIMES,0.115
30031,Montana,ALWAYS,FREQUENTLY,0.213
30031,Montana,ALWAYS,ALWAYS,0.448
30033,Montana,FREQUENTLY,NEVER,0.134
30033,Montana,FREQUENTLY,RARELY,0.199
30033,Montana,FREQUENTLY,SOMETIMES,0.18
30033,Montana,FREQUENTLY,FREQUENTLY,0.265
30033,Montana,FREQUENTLY,ALWAYS,0.221
30035,Montana,ALWAYS,NEVER,0.084
30035,Montana,ALWAYS,RARELY,0.154
30035,Montana,ALWAYS,SOMETIMES,0.17
30035,Montana,ALWAYS,FREQUENTLY,0.196
30035,Montana,ALWAYS,ALWAYS,0.396
30037,Montana,ALWAYS,NEVER,0.134
30037,Montana,ALWAYS,RARELY,0.181
30037,Montana,ALWAYS,SOMETIMES,0.168
30037,Montana,ALWAYS,FREQUENTLY,0.246
30037,Montana,ALWAYS,ALWAYS,0.271
30039,Montana,ALWAYS,NEVER,0.116
30039,Montana,ALWAYS,RARELY,0.17
30039,Montana,ALWAYS,SOMETIMES,0.109
30039,Montana,ALWAYS,FREQUENTLY,0.183
30039,Montana,ALWAYS,ALWAYS,0.422
30041,Montana,ALWAYS,NEVER,0.27
30041,Montana,ALWAYS,RARELY,0.106
30041,Montana,ALWAYS,SOMETIMES,0.159
30041,Montana,ALWAYS,FREQUENTLY,0.192
30041,Montana,ALWAYS,ALWAYS,0.273
30043,Montana,ALWAYS,NEVER,0.158
30043,Montana,ALWAYS,RARELY,0.111
30043,Montana,ALWAYS,SOMETIMES,0.076
30043,Montana,ALWAYS,FREQUENTLY,0.169
30043,Montana,ALWAYS,ALWAYS,0.487
30045,Montana,ALWAYS,NEVER,0.233
30045,Montana,ALWAYS,RARELY,0.11
30045,Montana,ALWAYS,SOMETIMES,0.17
30045,Montana,ALWAYS,FREQUENTLY,0.139
30045,Montana,ALWAYS,ALWAYS,0.349
30047,Montana,ALWAYS,NEVER,0.087
30047,Montana,ALWAYS,RARELY,0.23
30047,Montana,ALWAYS,SOMETIMES,0.128
30047,Montana,ALWAYS,FREQUENTLY,0.206
30047,Montana,ALWAYS,ALWAYS,0.349
30049,Montana,ALWAYS,NEVER,0.149
30049,Montana,ALWAYS,RARELY,0.107
30049,Montana,ALWAYS,SOMETIMES,0.08
30049,Montana,ALWAYS,FREQUENTLY,0.185
30049,Montana,ALWAYS,ALWAYS,0.479
30051,Montana,ALWAYS,NEVER,0.188
30051,Montana,ALWAYS,RARELY,0.146
30051,Montana,ALWAYS,SOMETIMES,0.167
30051,Montana,ALWAYS,FREQUENTLY,0.147
30051,Montana,ALWAYS,ALWAYS,0.352
30053,Montana,ALWAYS,NEVER,0.118
30053,Montana,ALWAYS,RARELY,0.174
30053,Montana,ALWAYS,SOMETIMES,0.118
30053,Montana,ALWAYS,FREQUENTLY,0.188
30053,Montana,ALWAYS,ALWAYS,0.402
30055,Montana,RARELY,NEVER,0.142
30055,Montana,RARELY,RARELY,0.274
30055,Montana,RARELY,SOMETIMES,0.179
30055,Montana,RARELY,FREQUENTLY,0.267
30055,Montana,RARELY,ALWAYS,0.139
30057,Montana,ALWAYS,NEVER,0.172
30057,Montana,ALWAYS,RARELY,0.113
30057,Montana,ALWAYS,SOMETIMES,0.105
30057,Montana,ALWAYS,FREQUENTLY,0.21
30057,Montana,ALWAYS,ALWAYS,0.4
30059,Montana,ALWAYS,NEVER,0.188
30059,Montana,ALWAYS,RARELY,0.093
30059,Montana,ALWAYS,SOMETIMES,0.12
30059,Montana,ALWAYS,FREQUENTLY,0.203
30059,Montana,ALWAYS,ALWAYS,0.396
30061,Montana,ALWAYS,NEVER,0.097
30061,Montana,ALWAYS,RARELY,0.278
30061,Montana,ALWAYS,SOMETIMES,0.119
30061,Montana,ALWAYS,FREQUENTLY,0.183
30061,Montana,ALWAYS,ALWAYS,0.323
30063,Montana,ALWAYS,NEVER,0.091
30063,Montana,ALWAYS,RARELY,0.2
30063,Montana,ALWAYS,SOMETIMES,0.128
30063,Montana,ALWAYS,FREQUENTLY,0.209
30063,Montana,ALWAYS,ALWAYS,0.372
30065,Montana,ALWAYS,NEVER,0.128
30065,Montana,ALWAYS,RARELY,0.178
30065,Montana,ALWAYS,SOMETIMES,0.169
30065,Montana,ALWAYS,FREQUENTLY,0.257
30065,Montana,ALWAYS,ALWAYS,0.268
30067,Montana,ALWAYS,NEVER,0.114
30067,Montana,ALWAYS,RARELY,0.099
30067,Montana,ALWAYS,SOMETIMES,0.106
30067,Montana,ALWAYS,FREQUENTLY,0.214
30067,Montana,ALWAYS,ALWAYS,0.467
30069,Montana,ALWAYS,NEVER,0.157
30069,Montana,ALWAYS,RARELY,0.154
30069,Montana,ALWAYS,SOMETIMES,0.174
30069,Montana,ALWAYS,FREQUENTLY,0.247
30069,Montana,ALWAYS,ALWAYS,0.269
30071,Montana,FREQUENTLY,NEVER,0.229
30071,Montana,FREQUENTLY,RARELY,0.114
30071,Montana,FREQUENTLY,SOMETIMES,0.214
30071,Montana,FREQUENTLY,FREQUENTLY,0.296
30071,Montana,FREQUENTLY,ALWAYS,0.147
30073,Montana,ALWAYS,NEVER,0.123
30073,Montana,ALWAYS,RARELY,0.175
30073,Montana,ALWAYS,SOMETIMES,0.17
30073,Montana,ALWAYS,FREQUENTLY,0.142
30073,Montana,ALWAYS,ALWAYS,0.39
30075,Montana,ALWAYS,NEVER,0.193
30075,Montana,ALWAYS,RARELY,0.24
30075,Montana,ALWAYS,SOMETIMES,0.106
30075,Montana,ALWAYS,FREQUENTLY,0.188
30075,Montana,ALWAYS,ALWAYS,0.273
30077,Montana,ALWAYS,NEVER,0.118
30077,Montana,ALWAYS,RARELY,0.144
30077,Montana,ALWAYS,SOMETIMES,0.069
30077,Montana,ALWAYS,FREQUENTLY,0.14
30077,Montana,ALWAYS,ALWAYS,0.53
30079,Montana,FREQUENTLY,NEVER,0.101
30079,Montana,FREQUENTLY,RARELY,0.27
30079,Montana,FREQUENTLY,SOMETIMES,0.171
30079,Montana,FREQUENTLY,FREQUENTLY,0.283
30079,Montana,FREQUENTLY,ALWAYS,0.176
30081,Montana,ALWAYS,NEVER,0.121
30081,Montana,ALWAYS,RARELY,0.177
30081,Montana,ALWAYS,SOMETIMES,0.114
30081,Montana,ALWAYS,FREQUENTLY,0.195
30081,Montana,ALWAYS,ALWAYS,0.393
30083,Montana,FREQUENTLY,NEVER,0.176
30083,Montana,FREQUENTLY,RARELY,0.216
30083,Montana,FREQUENTLY,SOMETIMES,0.162
30083,Montana,FREQUENTLY,FREQUENTLY,0.255
30083,Montana,FREQUENTLY,ALWAYS,0.191
30085,Montana,FREQUENTLY,NEVER,0.169
30085,Montana,FREQUENTLY,RARELY,0.246
30085,Montana,FREQUENTLY,SOMETIMES,0.178
30085,Montana,FREQUENTLY,FREQUENTLY,0.261
30085,Montana,FREQUENTLY,ALWAYS,0.146
30087,Montana,ALWAYS,NEVER,0.126
30087,Montana,ALWAYS,RARELY,0.214
30087,Montana,ALWAYS,SOMETIMES,0.143
30087,Montana,ALWAYS,FREQUENTLY,0.248
30087,Montana,ALWAYS,ALWAYS,0.269
30089,Montana,ALWAYS,NEVER,0.15
30089,Montana,ALWAYS,RARELY,0.204
30089,Montana,ALWAYS,SOMETIMES,0.191
30089,Montana,ALWAYS,FREQUENTLY,0.172
30089,Montana,ALWAYS,ALWAYS,0.283
30091,Montana,FREQUENTLY,NEVER,0.179
30091,Montana,FREQUENTLY,RARELY,0.203
30091,Montana,FREQUENTLY,SOMETIMES,0.178
30091,Montana,FREQUENTLY,FREQUENTLY,0.256
30091,Montana,FREQUENTLY,ALWAYS,0.185
30093,Montana,ALWAYS,NEVER,0.158
30093,Montana,ALWAYS,RARELY,0.138
30093,Montana,ALWAYS,SOMETIMES,0.059
30093,Montana,ALWAYS,FREQUENTLY,0.143
30093,Montana,ALWAYS,ALWAYS,0.503
30095,Montana,ALWAYS,NEVER,0.126
30095,Montana,ALWAYS,RARELY,0.173
30095,Montana,ALWAYS,SOMETIMES,0.16
30095,Montana,ALWAYS,FREQUENTLY,0.255
30095,Montana,ALWAYS,ALWAYS,0.286
30097,Montana,ALWAYS,NEVER,0.116
30097,Montana,ALWAYS,RARELY,0.157
30097,Montana,ALWAYS,SOMETIMES,0.126
30097,Montana,ALWAYS,FREQUENTLY,0.227
30097,Montana,ALWAYS,ALWAYS,0.374
30099,Montana,ALWAYS,NEVER,0.134
30099,Montana,ALWAYS,RARELY,0.176
30099,Montana,ALWAYS,SOMETIMES,0.147
30099,Montana,ALWAYS,FREQUENTLY,0.152
30099,Montana,ALWAYS,ALWAYS,0.391
30101,Montana,ALWAYS,NEVER,0.138
30101,Montana,ALWAYS,RARELY,0.165
30101,Montana,ALWAYS,SOMETIMES,0.178
30101,Montana,ALWAYS,FREQUENTLY,0.135
30101,Montana,ALWAYS,ALWAYS,0.384
30103,Montana,ALWAYS,NEVER,0.122
30103,Montana,ALWAYS,RARELY,0.188
30103,Montana,ALWAYS,SOMETIMES,0.16
30103,Montana,ALWAYS,FREQUENTLY,0.259
30103,Montana,ALWAYS,ALWAYS,0.27
30105,Montana,FREQUENTLY,NEVER,0.172
30105,Montana,FREQUENTLY,RARELY,0.235
30105,Montana,FREQUENTLY,SOMETIMES,0.187
30105,Montana,FREQUENTLY,FREQUENTLY,0.291
30105,Montana,FREQUENTLY,ALWAYS,0.115
30107,Montana,ALWAYS,NEVER,0.214
30107,Montana,ALWAYS,RARELY,0.135
30107,Montana,ALWAYS,SOMETIMES,0.144
30107,Montana,ALWAYS,FREQUENTLY,0.189
30107,Montana,ALWAYS,ALWAYS,0.318
30109,Montana,FREQUENTLY,NEVER,0.165
30109,Montana,FREQUENTLY,RARELY,0.219
30109,Montana,FREQUENTLY,SOMETIMES,0.161
30109,Montana,FREQUENTLY,FREQUENTLY,0.267
30109,Montana,FREQUENTLY,ALWAYS,0.187
30111,Montana,ALWAYS,NEVER,0.129
30111,Montana,ALWAYS,RARELY,0.177
30111,Montana,ALWAYS,SOMETIMES,0.167
30111,Montana,ALWAYS,FREQUENTLY,0.262
30111,Montana,ALWAYS,ALWAYS,0.265
38001,North Dakota,FREQUENTLY,NEVER,0.219
38001,North Dakota,FREQUENTLY,RARELY,0.166
38001,North Dakota,FREQUENTLY,SOMETIMES,0.189
38001,North Dakota,FREQUENTLY,FREQUENTLY,0.233
38001,North Dakota,FREQUENTLY,ALWAYS,0.193
38003,North Dakota,ALWAYS,NEVER,0.111
38003,North Dakota,ALWAYS,RARELY,0.079
38003,North Dakota,ALWAYS,SOMETIMES,0.137
38003,North Dakota,ALWAYS,FREQUENTLY,0.248
38003,North Dakota,ALWAYS,ALWAYS,0.425
38005,North Dakota,NEVER,NEVER,0.289
38005,North Dakota,NEVER,RARELY,0.194
38005,North Dakota,NEVER,SOMETIMES,0.118
38005,North Dakota,NEVER,FREQUENTLY,0.195
38005,North Dakota,NEVER,ALWAYS,0.204
38007,North Dakota,FREQUENTLY,NEVER,0.2
38007,North Dakota,FREQUENTLY,RARELY,0.201
38007,North Dakota,FREQUENTLY,SOMETIMES,0.137
38007,North Dakota,FREQUENTLY,FREQUENTLY,0.244
38007,North Dakota,FREQUENTLY,ALWAYS,0.218
38009,North Dakota,ALWAYS,NEVER,0.206
38009,North Dakota,ALWAYS,RARELY,0.119
38009,North Dakota,ALWAYS,SOMETIMES,0.142
38009,North Dakota,ALWAYS,FREQUENTLY,0.259
38009,North Dakota,ALWAYS,ALWAYS,0.274
38011,North Dakota,ALWAYS,NEVER,0.188
38011,North Dakota,ALWAYS,RARELY,0.141
38011,North Dakota,ALWAYS,SOMETIMES,0.146
38011,North Dakota,ALWAYS,FREQUENTLY,0.262
38011,North Dakota,ALWAYS,ALWAYS,0.263
38013,North Dakota,FREQUENTLY,NEVER,0.191
38013,North Dakota,FREQUENTLY,RARELY,0.147
38013,North Dakota,FREQUENTLY,SOMETIMES,0.151
38013,North Dakota,FREQUENTLY,FREQUENTLY,0.258
38013,North Dakota,FREQUENTLY,ALWAYS,0.253
38015,North Dakota,FREQUENTLY,NEVER,0.172
38015,North Dakota,FREQUENTLY,RARELY,0.233
38015,North Dakota,FREQUENTLY,SOMETIMES,0.091
38015,North Dakota,FREQUENTLY,FREQUENTLY,0.297
38015,North Dakota,FREQUENTLY,ALWAYS,0.207
38017,North Dakota,ALWAYS,NEVER,0.09
38017,North Dakota,ALWAYS,RARELY,0.113
38017,North Dakota,ALWAYS,SOMETIMES,0.142
38017,North Dakota,ALWAYS,FREQUENTLY,0.233
38017,North Dakota,ALWAYS,ALWAYS,0.423
38019,North Dakota,RARELY,NEVER,0.146
38019,North Dakota,RARELY,RARELY,0.272
38019,North Dakota,RARELY,SOMETIMES,0.165
38019,North Dakota,RARELY,FREQUENTLY,0.222
38019,North Dakota,RARELY,ALWAYS,0.195
38021,North Dakota,FREQUENTLY,NEVER,0.151
38021,North Dakota,FREQUENTLY,RARELY,0.077
38021,North Dakota,FREQUENTLY,SOMETIMES,0.227
38021,North Dakota,FREQUENTLY,FREQUENTLY,0.277
38021,North Dakota,FREQUENTLY,ALWAYS,0.267
38023,North Dakota,FREQUENTLY,NEVER,0.186
38023,North Dakota,FREQUENTLY,RARELY,0.168
38023,North Dakota,FREQUENTLY,SOMETIMES,0.163
38023,North Dakota,FREQUENTLY,FREQUENTLY,0.255
38023,North Dakota,FREQUENTLY,ALWAYS,0.227
38025,North Dakota,FREQUENTLY,NEVER,0.195
38025,North Dakota,FREQUENTLY,RARELY,0.189
38025,North Dakota,FREQUENTLY,SOMETIMES,0.125
38025,North Dakota,FREQUENTLY,FREQUENTLY,0.252
38025,North Dakota,FREQUENTLY,ALWAYS,0.239
38027,North Dakota,NEVER,NEVER,0.269
38027,North Dakota,NEVER,RARELY,0.159
38027,North Dakota,NEVER,SOMETIMES,0.117
38027,North Dakota,NEVER,FREQUENTLY,0.209
38027,North Dakota,NEVER,ALWAYS,0.246
38029,North Dakota,FREQUENTLY,NEVER,0.16
38029,North Dakota,FREQUENTLY,RARELY,0.221
38029,North Dakota,FREQUENTLY,SOMETIMES,0.094
38029,North Dakota,FREQUENTLY,FREQUENTLY,0.302
38029,North Dakota,FREQUENTLY,ALWAYS,0.222
38031,North Dakota,ALWAYS,NEVER,0.265
38031,North Dakota,ALWAYS,RARELY,0.081
38031,North Dakota,ALWAYS,SOMETIMES,0.081
38031,North Dakota,ALWAYS,FREQUENTLY,0.27
38031,North Dakota,ALWAYS,ALWAYS,0.304
38033,North Dakota,FREQUENTLY,NEVER,0.187
38033,North Dakota,FREQUENTLY,RARELY,0.206
38033,North Dakota,FREQUENTLY,SOMETIMES,0.149
38033,North Dakota,FREQUENTLY,FREQUENTLY,0.256
38033,North Dakota,FREQUENTLY,ALWAYS,0.203
38035,North Dakota,ALWAYS,NEVER,0.097
38035,North Dakota,ALWAYS,RARELY,0.122
38035,North Dakota,ALWAYS,SOMETIMES,0.222
38035,North Dakota,ALWAYS,FREQUENTLY,0.253
38035,North Dakota,ALWAYS,ALWAYS,0.305
38037,North Dakota,FREQUENTLY,NEVER,0.177
38037,North Dakota,FREQUENTLY,RARELY,0.233
38037,North Dakota,FREQUENTLY,SOMETIMES,0.125
38037,North Dakota,FREQUENTLY,FREQUENTLY,0.275
38037,North Dakota,FREQUENTLY,ALWAYS,0.19
38039,North Dakota,ALWAYS,NEVER,0.162
38039,North Dakota,ALWAYS,RARELY,0.054
38039,North Dakota,ALWAYS,SOMETIMES,0.197
38039,North Dakota,ALWAYS,FREQUENTLY,0.217
38039,North Dakota,ALWAYS,ALWAYS,0.37
38041,North Dakota,FREQUENTLY,NEVER,0.218
38041,North Dakota,FREQUENTLY,RARELY,0.207
38041,North Dakota,FREQUENTLY,SOMETIMES,0.15
38041,North Dakota,FREQUENTLY,FREQUENTLY,0.232
38041,North Dakota,FREQUENTLY,ALWAYS,0.193
38043,North Dakota,FREQUENTLY,NEVER,0.193
38043,North Dakota,FREQUENTLY,RARELY,0.206
38043,North Dakota,FREQUENTLY,SOMETIMES,0.074
38043,North Dakota,FREQUENTLY,FREQUENTLY,0.301
38043,North Dakota,FREQUENTLY,ALWAYS,0.226
38045,North Dakota,ALWAYS,NEVER,0.115
38045,North Dakota,ALWAYS,RARELY,0.07
38045,North Dakota,ALWAYS,SOMETIMES,0.193
38045,North Dakota,ALWAYS,FREQUENTLY,0.307
38045,North Dakota,ALWAYS,ALWAYS,0.315
38047,North Dakota,FREQUENTLY,NEVER,0.172
38047,North Dakota,FREQUENTLY,RARELY,0.156
38047,North Dakota,FREQUENTLY,SOMETIMES,0.104
38047,North Dakota,FREQUENTLY,FREQUENTLY,0.295
38047,North Dakota,FREQUENTLY,ALWAYS,0.272
38049,North Dakota,ALWAYS,NEVER,0.206
38049,North Dakota,ALWAYS,RARELY,0.132
38049,North Dakota,ALWAYS,SOMETIMES,0.124
38049,North Dakota,ALWAYS,FREQUENTLY,0.263
38049,North Dakota,ALWAYS,ALWAYS,0.275
38051,North Dakota,ALWAYS,NEVER,0.169
38051,North Dakota,ALWAYS,RARELY,0.128
38051,North Dakota,ALWAYS,SOMETIMES,0.136
38051,North Dakota,ALWAYS,FREQUENTLY,0.275
38051,North Dakota,ALWAYS,ALWAYS,0.291
38053,North Dakota,FREQUENTLY,NEVER,0.19
38053,North Dakota,FREQUENTLY,RARELY,0.182
38053,North Dakota,FREQUENTLY,SOMETIMES,0.142
38053,North Dakota,FREQUENTLY,FREQUENTLY,0.253
38053,North Dakota,FREQUENTLY,ALWAYS,0.232
38055,North Dakota,FREQUENTLY,NEVER,0.189
38055,North Dakota,FREQUENTLY,RARELY,0.185
38055,North Dakota,FREQUENTLY,SOMETIMES,0.107
38055,North Dakota,FREQUENTLY,FREQUENTLY,0.273
38055,North Dakota,FREQUENTLY,ALWAYS,0.246
38057,North Dakota,FREQUENTLY,NEVER,0.189
38057,North Dakota,FREQUENTLY,RARELY,0.197
38057,North Dakota,FREQUENTLY,SOMETIMES,0.111
38057,North Dakota,FREQUENTLY,FREQUENTLY,0.266
38057,North Dakota,FREQUENTLY,ALWAYS,0.237
38059,North Dakota,FREQUENTLY,NEVER,0.172
38059,North Dakota,FREQUENTLY,RARELY,0.235
38059,North Dakota,FREQUENTLY,SOMETIMES,0.096
38059,North Dakota,FREQUENTLY,FREQUENTLY,0.293
38059,North Dakota,FREQUENTLY,ALWAYS,0.205
38061,North Dakota,FREQUENTLY,NEVER,0.192
38061,North Dakota,FREQUENTLY,RARELY,0.16
38061,North Dakota,FREQUENTLY,SOMETIMES,0.134
38061,North Dakota,FREQUENTLY,FREQUENTLY,0.258
38061,North Dakota,FREQUENTLY,ALWAYS,0.256
38063,North Dakota,ALWAYS,NEVER,0.133
38063,North Dakota,ALWAYS,RARELY,0.183
38063,North Dakota,ALWAYS,SOMETIMES,0.193
38063,North Dakota,ALWAYS,FREQUENTLY,0.218
38063,North Dakota,ALWAYS,ALWAYS,0.274
38065,North Dakota,FREQUENTLY,NEVER,0.181
38065,North Dakota,FREQUENTLY,RARELY,0.217
38065,North Dakota,FREQUENTLY,SOMETIMES,0.102
38065,North Dakota,FREQUENTLY,FREQUENTLY,0.28
38065,North Dakota,FREQUENTLY,ALWAYS,0.221
38067,North Dakota,FREQUENTLY,NEVER,0.08
38067,North Dakota,FREQUENTLY,RARELY,0.216
38067,North Dakota,FREQUENTLY,SOMETIMES,0.202
38067,North Dakota,FREQUENTLY,FREQUENTLY,0.256
38067,North Dakota,FREQUENTLY,ALWAYS,0.247
38069,North Dakota,NEVER,NEVER,0.253
38069,North Dakota,NEVER,RARELY,0.136
38069,North Dakota,NEVER,SOMETIMES,0.12
38069,North Dakota,NEVER,FREQUENTLY,0.246
38069,North Dakota,NEVER,ALWAYS,0.246
38071,North Dakota,RARELY,NEVER,0.242
38071,North Dakota,RARELY,RARELY,0.25
38071,North Dakota,RARELY,SOMETIMES,0.138
38071,North Dakota,RARELY,FREQUENTLY,0.175
38071,North Dakota,RARELY,ALWAYS,0.195
38073,North Dakota,ALWAYS,NEVER,0.073
38073,North Dakota,ALWAYS,RARELY,0.114
38073,North Dakota,ALWAYS,SOMETIMES,0.223
38073,North Dakota,ALWAYS,FREQUENTLY,0.236
38073,North Dakota,ALWAYS,ALWAYS,0.354
38075,North Dakota,ALWAYS,NEVER,0.193
38075,North Dakota,ALWAYS,RARELY,0.13
38075,North Dakota,ALWAYS,SOMETIMES,0.141
38075,North Dakota,ALWAYS,FREQUENTLY,0.262
38075,North Dakota,ALWAYS,ALWAYS,0.274
38077,North Dakota,ALWAYS,NEVER,0.155
38077,North Dakota,ALWAYS,RARELY,0.174
38077,North Dakota,ALWAYS,SOMETIMES,0.189
38077,North Dakota,ALWAYS,FREQUENTLY,0.116
38077,North Dakota,ALWAYS,ALWAYS,0.366
38079,North Dakota,NEVER,NEVER,0.248
38079,North Dakota,NEVER,RARELY,0.154
38079,North Dakota,NEVER,SOMETIMES,0.135
38079,North Dakota,NEVER,FREQUENTLY,0.235
38079,North Dakota,NEVER,ALWAYS,0.228
38081,North Dakota,ALWAYS,NEVER,0.081
38081,North Dakota,ALWAYS,RARELY,0.163
38081,North Dakota,ALWAYS,SOMETIMES,0.249
38081,North Dakota,ALWAYS,FREQUENTLY,0.251
38081,North Dakota,ALWAYS,ALWAYS,0.257
38083,North Dakota,FREQUENTLY,NEVER,0.203
38083,North Dakota,FREQUENTLY,RARELY,0.186
38083,North Dakota,FREQUENTLY,SOMETIMES,0.091
38083,North Dakota,FREQUENTLY,FREQUENTLY,0.285
38083,North Dakota,FREQUENTLY,ALWAYS,0.235
38085,North Dakota,FREQUENTLY,NEVER,0.157
38085,North Dakota,FREQUENTLY,RARELY,0.228
38085,North Dakota,FREQUENTLY,SOMETIMES,0.108
38085,North Dakota,FREQUENTLY,FREQUENTLY,0.295
38085,North Dakota,FREQUENTLY,ALWAYS,0.211
38087,North Dakota,FREQUENTLY,NEVER,0.217
38087,North Dakota,FREQUENTLY,RARELY,0.179
38087,North Dakota,FREQUENTLY,SOMETIMES,0.142
38087,North Dakota,FREQUENTLY,FREQUENTLY,0.246
38087,North Dakota,FREQUENTLY,ALWAYS,0.215
38089,North Dakota,FREQUENTLY,NEVER,0.207
38089,North Dakota,FREQUENTLY,RARELY,0.205
38089,North Dakota,FREQUENTLY,SOMETIMES,0.129
38089,North Dakota,FREQUENTLY,FREQUENTLY,0.24
38089,North Dakota,FREQUENTLY,ALWAYS,0.219
38091,North Dakota,SOMETIMES,NEVER,0.172
38091,North Dakota,SOMETIMES,RARELY,0.061
38091,North Dakota,SOMETIMES,SOMETIMES,0.302
38091,North Dakota,SOMETIMES,FREQUENTLY,0.182
38091,North Dakota,SOMETIMES,ALWAYS,0.283
38093,North Dakota,ALWAYS,NEVER,0.202
38093,North Dakota,ALWAYS,RARELY,0.053
38093,North Dakota,ALWAYS,SOMETIMES,0.076
38093,North Dakota,ALWAYS,FREQUENTLY,0.314
38093,North Dakota,ALWAYS,ALWAYS,0.354
38095,North Dakota,NEVER,NEVER,0.263
38095,North Dakota,NEVER,RARELY,0.232
38095,North Dakota,NEVER,SOMETIMES,0.127
38095,North Dakota,NEVER,FREQUENTLY,0.198
38095,North Dakota,NEVER,ALWAYS,0.18
38097,North Dakota,ALWAYS,NEVER,0.144
38097,North Dakota,ALWAYS,RARELY,0.115
38097,North Dakota,ALWAYS,SOMETIMES,0.205
38097,North Dakota,ALWAYS,FREQUENTLY,0.233
38097,North Dakota,ALWAYS,ALWAYS,0.303
38099,North Dakota,ALWAYS,NEVER,0.087
38099,North Dakota,ALWAYS,RARELY,0.181
38099,North Dakota,ALWAYS,SOMETIMES,0.208
38099,North Dakota,ALWAYS,FREQUENTLY,0.253
38099,North Dakota,ALWAYS,ALWAYS,0.271
38101,North Dakota,ALWAYS,NEVER,0.195
38101,North Dakota,ALWAYS,RARELY,0.138
38101,North Dakota,ALWAYS,SOMETIMES,0.127
38101,North Dakota,ALWAYS,FREQUENTLY,0.263
38101,North Dakota,ALWAYS,ALWAYS,0.276
38103,North Dakota,FREQUENTLY,NEVER,0.254
38103,North Dakota,FREQUENTLY,RARELY,0.163
38103,North Dakota,FREQUENTLY,SOMETIMES,0.083
38103,North Dakota,FREQUENTLY,FREQUENTLY,0.275
38103,North Dakota,FREQUENTLY,ALWAYS,0.226
38105,North Dakota,FREQUENTLY,NEVER,0.186
38105,North Dakota,FREQUENTLY,RARELY,0.182
38105,North Dakota,FREQUENTLY,SOMETIMES,0.155
38105,North Dakota,FREQUENTLY,FREQUENTLY,0.254
38105,North Dakota,FREQUENTLY,ALWAYS,0.223
46003,South Dakota,ALWAYS,NEVER,0.239
46003,South Dakota,ALWAYS,RARELY,0.073
46003,South Dakota,ALWAYS,SOMETIMES,0.236
46003,South Dakota,ALWAYS,FREQUENTLY,0.15
46003,South Dakota,ALWAYS,ALWAYS,0.302
46005,South Dakota,ALWAYS,NEVER,0.234
46005,South Dakota,ALWAYS,RARELY,0.104
46005,South Dakota,ALWAYS,SOMETIMES,0.147
46005,South Dakota,ALWAYS,FREQUENTLY,0.173
46005,South Dakota,ALWAYS,ALWAYS,0.342
46007,South Dakota,ALWAYS,NEVER,0.147
46007,South Dakota,ALWAYS,RARELY,0.052
46007,South Dakota,ALWAYS,SOMETIMES,0.117
46007,South Dakota,ALWAYS,FREQUENTLY,0.327
46007,South Dakota,ALWAYS,ALWAYS,0.356
46009,South Dakota,ALWAYS,NEVER,0.108
46009,South Dakota,ALWAYS,RARELY,0.205
46009,South Dakota,ALWAYS,SOMETIMES,0.198
46009,South Dakota,ALWAYS,FREQUENTLY,0.193
46009,South Dakota,ALWAYS,ALWAYS,0.295
46011,South Dakota,ALWAYS,NEVER,0.04
46011,South Dakota,ALWAYS,RARELY,0.124
46011,South Dakota,ALWAYS,SOMETIMES,0.263
46011,South Dakota,ALWAYS,FREQUENTLY,0.229
46011,South Dakota,ALWAYS,ALWAYS,0.345
46013,South Dakota,ALWAYS,NEVER,0.256
46013,South Dakota,ALWAYS,RARELY,0.098
46013,South Dakota,ALWAYS,SOMETIMES,0.142
46013,South Dakota,ALWAYS,FREQUENTLY,0.166
46013,South Dakota,ALWAYS,ALWAYS,0.338
46015,South Dakota,ALWAYS,NEVER,0.163
46015,South Dakota,ALWAYS,RARELY,0.075
46015,South Dakota,ALWAYS,SOMETIMES,0.168
46015,South Dakota,ALWAYS,FREQUENTLY,0.264
46015,South Dakota,ALWAYS,ALWAYS,0.33
46017,South Dakota,ALWAYS,NEVER,0.161
46017,South Dakota,ALWAYS,RARELY,0.059
46017,South Dakota,ALWAYS,SOMETIMES,0.157
46017,South Dakota,ALWAYS,FREQUENTLY,0.253
46017,South Dakota,ALWAYS,ALWAYS,0.371
46019,South Dakota,ALWAYS,NEVER,0.12
46019,South Dakota,ALWAYS,RARELY,0.085
46019,South Dakota,ALWAYS,SOMETIMES,0.153
46019,South Dakota,ALWAYS,FREQUENTLY,0.204
46019,South Dakota,ALWAYS,ALWAYS,0.438
46021,South Dakota,ALWAYS,NEVER,0.155
46021,South Dakota,ALWAYS,RARELY,0.167
46021,South Dakota,ALWAYS,SOMETIMES,0.122
46021,South Dakota,ALWAYS,FREQUENTLY,0.277
46021,South Dakota,ALWAYS,ALWAYS,0.278
46023,South Dakota,ALWAYS,NEVER,0.117
46023,South Dakota,ALWAYS,RARELY,0.149
46023,South Dakota,ALWAYS,SOMETIMES,0.254
46023,South Dakota,ALWAYS,FREQUENTLY,0.192
46023,South Dakota,ALWAYS,ALWAYS,0.288
46025,South Dakota,ALWAYS,NEVER,0.211
46025,South Dakota,ALWAYS,RARELY,0.147
46025,South Dakota,ALWAYS,SOMETIMES,0.172
46025,South Dakota,ALWAYS,FREQUENTLY,0.125
46025,South Dakota,ALWAYS,ALWAYS,0.345
46027,South Dakota,ALWAYS,NEVER,0.091
46027,South Dakota,ALWAYS,RARELY,0.178
46027,South Dakota,ALWAYS,SOMETIMES,0.116
46027,South Dakota,ALWAYS,FREQUENTLY,0.243
46027,South Dakota,ALWAYS,ALWAYS,0.373
46029,South Dakota,ALWAYS,NEVER,0.185
46029,South Dakota,ALWAYS,RARELY,0.144
46029,South Dakota,ALWAYS,SOMETIMES,0.25
46029,South Dakota,ALWAYS,FREQUENTLY,0.117
46029,South Dakota,ALWAYS,ALWAYS,0.305
46031,South Dakota,FREQUENTLY,NEVER,0.144
46031,South Dakota,FREQUENTLY,RARELY,0.19
46031,South Dakota,FREQUENTLY,SOMETIMES,0.134
46031,South Dakota,FREQUENTLY,FREQUENTLY,0.285
46031,South Dakota,FREQUENTLY,ALWAYS,0.247
46033,South Dakota,ALWAYS,NEVER,0.132
46033,South Dakota,ALWAYS,RARELY,0.088
46033,South Dakota,ALWAYS,SOMETIMES,0.156
46033,South Dakota,ALWAYS,FREQUENTLY,0.229
46033,South Dakota,ALWAYS,ALWAYS,0.396
46035,South Dakota,SOMETIMES,NEVER,0.249
46035,South Dakota,SOMETIMES,RARELY,0.074
46035,South Dakota,SOMETIMES,SOMETIMES,0.303
46035,South Dakota,SOMETIMES,FREQUENTLY,0.107
46035,South Dakota,SOMETIMES,ALWAYS,0.267
46037,South Dakota,ALWAYS,NEVER,0.256
46037,South Dakota,ALWAYS,RARELY,0.14
46037,South Dakota,ALWAYS,SOMETIMES,0.175
46037,South Dakota,ALWAYS,FREQUENTLY,0.118
46037,South Dakota,ALWAYS,ALWAYS,0.311
46039,South Dakota,ALWAYS,NEVER,0.136
46039,South Dakota,ALWAYS,RARELY,0.111
46039,South Dakota,ALWAYS,SOMETIMES,0.275
46039,South Dakota,ALWAYS,FREQUENTLY,0.169
46039,South Dakota,ALWAYS,ALWAYS,0.309
46041,South Dakota,ALWAYS,NEVER,0.069
46041,South Dakota,ALWAYS,RARELY,0.057
46041,South Dakota,ALWAYS,SOMETIMES,0.141
46041,South Dakota,ALWAYS,FREQUENTLY,0.237
46041,South Dakota,ALWAYS,ALWAYS,0.497
46043,South Dakota,ALWAYS,NEVER,0.189
46043,South Dakota,ALWAYS,RARELY,0.108
46043,South Dakota,ALWAYS,SOMETIMES,0.269
46043,South Dakota,ALWAYS,FREQUENTLY,0.146
46043,South Dakota,ALWAYS,ALWAYS,0.289
46045,South Dakota,ALWAYS,NEVER,0.217
46045,South Dakota,ALWAYS,RARELY,0.088
46045,South Dakota,ALWAYS,SOMETIMES,0.15
46045,South Dakota,ALWAYS,FREQUENTLY,0.197
46045,South Dakota,ALWAYS,ALWAYS,0.348
46047,South Dakota,ALWAYS,NEVER,0.141
46047,South Dakota,ALWAYS,RARELY,0.093
46047,South Dakota,ALWAYS,SOMETIMES,0.152
46047,South Dakota,ALWAYS,FREQUENTLY,0.25
46047,South Dakota,ALWAYS,ALWAYS,0.364
46049,South Dakota,ALWAYS,NEVER,0.205
46049,South Dakota,ALWAYS,RARELY,0.079
46049,South Dakota,ALWAYS,SOMETIMES,0.146
46049,South Dakota,ALWAYS,FREQUENTLY,0.198
46049,South Dakota,ALWAYS,ALWAYS,0.372
46051,South Dakota,ALWAYS,NEVER,0.259
46051,South Dakota,ALWAYS,RARELY,0.129
46051,South Dakota,ALWAYS,SOMETIMES,0.232
46051,South Dakota,ALWAYS,FREQUENTLY,0.12
46051,South Dakota,ALWAYS,ALWAYS,0.26
46053,South Dakota,ALWAYS,NEVER,0.113
46053,South Dakota,ALWAYS,RARELY,0.118
46053,South Dakota,ALWAYS,SOMETIMES,0.206
46053,South Dakota,ALWAYS,FREQUENTLY,0.264
46053,South Dakota,ALWAYS,ALWAYS,0.299
46055,South Dakota,ALWAYS,NEVER,0.117
46055,South Dakota,ALWAYS,RARELY,0.051
46055,South Dakota,ALWAYS,SOMETIMES,0.151
46055,South Dakota,ALWAYS,FREQUENTLY,0.241
46055,South Dakota,ALWAYS,ALWAYS,0.44
46057,South Dakota,ALWAYS,NEVER,0.119
46057,South Dakota,ALWAYS,RARELY,0.143
46057,South Dakota,ALWAYS,SOMETIMES,0.256
46057,South Dakota,ALWAYS,FREQUENTLY,0.137
46057,South Dakota,ALWAYS,ALWAYS,0.345
46059,South Dakota,ALWAYS,NEVER,0.182
46059,South Dakota,ALWAYS,RARELY,0.071
46059,South Dakota,ALWAYS,SOMETIMES,0.147
46059,South Dakota,ALWAYS,FREQUENTLY,0.225
46059,South Dakota,ALWAYS,ALWAYS,0.376
46061,South Dakota,ALWAYS,NEVER,0.185
46061,South Dakota,ALWAYS,RARELY,0.107
46061,South Dakota,ALWAYS,SOMETIMES,0.269
46061,South Dakota,ALWAYS,FREQUENTLY,0.148
46061,South Dakota,ALWAYS,ALWAYS,0.29
46063,South Dakota,ALWAYS,NEVER,0.105
46063,South Dakota,ALWAYS,RARELY,0.068
46063,South Dakota,ALWAYS,SOMETIMES,0.145
46063,South Dakota,ALWAYS,FREQUENTLY,0.235
46063,South Dakota,ALWAYS,ALWAYS,0.446
46065,South Dakota,ALWAYS,NEVER,0.091
46065,South Dakota,ALWAYS,RARELY,0.027
46065,South Dakota,ALWAYS,SOMETIMES,0.109
46065,South Dakota,ALWAYS,FREQUENTLY,0.251
46065,South Dakota,ALWAYS,ALWAYS,0.523
46067,South Dakota,ALWAYS,NEVER,0.129
46067,South Dakota,ALWAYS,RARELY,0.163
46067,South Dakota,ALWAYS,SOMETIMES,0.199
46067,South Dakota,ALWAYS,FREQUENTLY,0.188
46067,South Dakota,ALWAYS,ALWAYS,0.321
46069,South Dakota,ALWAYS,NEVER,0.142
46069,South Dakota,ALWAYS,RARELY,0.053
46069,South Dakota,ALWAYS,SOMETIMES,0.142
46069,South Dakota,ALWAYS,FREQUENTLY,0.234
46069,South Dakota,ALWAYS,ALWAYS,0.43
46071,South Dakota,ALWAYS,NEVER,0.129
46071,South Dakota,ALWAYS,RARELY,0.052
46071,South Dakota,ALWAYS,SOMETIMES,0.136
46071,South Dakota,ALWAYS,FREQUENTLY,0.281
46071,South Dakota,ALWAYS,ALWAYS,0.401
46073,South Dakota,ALWAYS,NEVER,0.233
46073,South Dakota,ALWAYS,RARELY,0.073
46073,South Dakota,ALWAYS,SOMETIMES,0.185
46073,South Dakota,ALWAYS,FREQUENTLY,0.184
46073,South Dakota,ALWAYS,ALWAYS,0.326
46075,South Dakota,ALWAYS,NEVER,0.115
46075,South Dakota,ALWAYS,RARELY,0.03
46075,South Dakota,ALWAYS,SOMETIMES,0.101
46075,South Dakota,ALWAYS,FREQUENTLY,0.293
46075,South Dakota,ALWAYS,ALWAYS,0.462
46077,South Dakota,ALWAYS,NEVER,0.128
46077,South Dakota,ALWAYS,RARELY,0.13
46077,South Dakota,ALWAYS,SOMETIMES,0.217
46077,South Dakota,ALWAYS,FREQUENTLY,0.184
46077,South Dakota,ALWAYS,ALWAYS,0.341
46079,South Dakota,ALWAYS,NEVER,0.11
46079,South Dakota,ALWAYS,RARELY,0.144
46079,South Dakota,ALWAYS,SOMETIMES,0.183
46079,South Dakota,ALWAYS,FREQUENTLY,0.237
46079,South Dakota,ALWAYS,ALWAYS,0.326
46081,South Dakota,ALWAYS,NEVER,0.124
46081,South Dakota,ALWAYS,RARELY,0.089
46081,South Dakota,ALWAYS,SOMETIMES,0.154
46081,South Dakota,ALWAYS,FREQUENTLY,0.205
46081,South Dakota,ALWAYS,ALWAYS,0.428
46083,South Dakota,ALWAYS,NEVER,0.078
46083,South Dakota,ALWAYS,RARELY,0.181
46083,South Dakota,ALWAYS,SOMETIMES,0.106
46083,South Dakota,ALWAYS,FREQUENTLY,0.25
46083,South Dakota,ALWAYS,ALWAYS,0.385
46085,South Dakota,ALWAYS,NEVER,0.13
46085,South Dakota,ALWAYS,RARELY,0.046
46085,South Dakota,ALWAYS,SOMETIMES,0.119
46085,South Dakota,ALWAYS,FREQUENTLY,0.287
46085,South Dakota,ALWAYS,ALWAYS,0.419
46087,South Dakota,ALWAYS,NEVER,0.113
46087,South Dakota,ALWAYS,RARELY,0.154
46087,South Dakota,ALWAYS,SOMETIMES,0.144
46087,South Dakota,ALWAYS,FREQUENTLY,0.238
46087,South Dakota,ALWAYS,ALWAYS,0.35
46089,South Dakota,ALWAYS,NEVER,0.204
46089,South Dakota,ALWAYS,RARELY,0.091
46089,South Dakota,ALWAYS,SOMETIMES,0.161
46089,South Dakota,ALWAYS,FREQUENTLY,0.22
46089,South Dakota,ALWAYS,ALWAYS,0.323
46091,South Dakota,ALWAYS,NEVER,0.196
46091,South Dakota,ALWAYS,RARELY,0.146
46091,South Dakota,ALWAYS,SOMETIMES,0.183
46091,South Dakota,ALWAYS,FREQUENTLY,0.161
46091,South Dakota,ALWAYS,ALWAYS,0.313
46093,South Dakota,ALWAYS,NEVER,0.123
46093,South Dakota,ALWAYS,RARELY,0.078
46093,South Dakota,ALWAYS,SOMETIMES,0.161
46093,South Dakota,ALWAYS,FREQUENTLY,0.214
46093,South Dakota,ALWAYS,ALWAYS,0.425
46095,South Dakota,ALWAYS,NEVER,0.136
46095,South Dakota,ALWAYS,RARELY,0.028
46095,South Dakota,ALWAYS,SOMETIMES,0.091
46095,South Dakota,ALWAYS,FREQUENTLY,0.34
46095,South Dakota,ALWAYS,ALWAYS,0.405
46097,South Dakota,ALWAYS,NEVER,0.16
46097,South Dakota,ALWAYS,RARELY,0.123
46097,South Dakota,ALWAYS,SOMETIMES,0.216
46097,South Dakota,ALWAYS,FREQUENTLY,0.218
46097,South Dakota,ALWAYS,ALWAYS,0.284
46099,South Dakota,ALWAYS,NEVER,0.087
46099,South Dakota,ALWAYS,RARELY,0.187
46099,South Dakota,ALWAYS,SOMETIMES,0.106
46099,South Dakota,ALWAYS,FREQUENTLY,0.251
46099,South Dakota,ALWAYS,ALWAYS,0.369
46101,South Dakota,ALWAYS,NEVER,0.078
46101,South Dakota,ALWAYS,RARELY,0.183
46101,South Dakota,ALWAYS,SOMETIMES,0.165
46101,South Dakota,ALWAYS,FREQUENTLY,0.245
46101,South Dakota,ALWAYS,ALWAYS,0.329
46102,South Dakota,ALWAYS,NEVER,0.15
46102,South Dakota,ALWAYS,RARELY,0.075
46102,South Dakota,ALWAYS,SOMETIMES,0.139
46102,South Dakota,ALWAYS,FREQUENTLY,0.281
46102,South Dakota,ALWAYS,ALWAYS,0.355
46103,South Dakota,ALWAYS,NEVER,0.127
46103,South Dakota,ALWAYS,RARELY,0.078
46103,South Dakota,ALWAYS,SOMETIMES,0.159
46103,South Dakota,ALWAYS,FREQUENTLY,0.222
46103,South Dakota,ALWAYS,ALWAYS,0.414
46105,South Dakota,ALWAYS,NEVER,0.132
46105,South Dakota,ALWAYS,RARELY,0.081
46105,South Dakota,ALWAYS,SOMETIMES,0.185
46105,South Dakota,ALWAYS,FREQUENTLY,0.243
46105,South Dakota,ALWAYS,ALWAYS,0.36
46107,South Dakota,ALWAYS,NEVER,0.131
46107,South Dakota,ALWAYS,RARELY,0.067
46107,South Dakota,ALWAYS,SOMETIMES,0.147
46107,South Dakota,ALWAYS,FREQUENTLY,0.225
46107,South Dakota,ALWAYS,ALWAYS,0.431
46109,South Dakota,ALWAYS,NEVER,0.241
46109,South Dakota,ALWAYS,RARELY,0.175
46109,South Dakota,ALWAYS,SOMETIMES,0.164
46109,South Dakota,ALWAYS,FREQUENTLY,0.094
46109,South Dakota,ALWAYS,ALWAYS,0.326
46111,South Dakota,ALWAYS,NEVER,0.252
46111,South Dakota,ALWAYS,RARELY,0.095
46111,South Dakota,ALWAYS,SOMETIMES,0.222
46111,South Dakota,ALWAYS,FREQUENTLY,0.155
46111,South Dakota,ALWAYS,ALWAYS,0.276
46115,South Dakota,ALWAYS,NEVER,0.232
46115,South Dakota,ALWAYS,RARELY,0.103
46115,South Dakota,ALWAYS,SOMETIMES,0.132
46115,South Dakota,ALWAYS,FREQUENTLY,0.173
46115,South Dakota,ALWAYS,ALWAYS,0.36
46117,South Dakota,ALWAYS,NEVER,0.08
46117,South Dakota,ALWAYS,RARELY,0.024
46117,South Dakota,ALWAYS,SOMETIMES,0.104
46117,South Dakota,ALWAYS,FREQUENTLY,0.245
46117,South Dakota,ALWAYS,ALWAYS,0.546
46119,South Dakota,ALWAYS,NEVER,0.084
46119,South Dakota,ALWAYS,RARELY,0.031
46119,South Dakota,ALWAYS,SOMETIMES,0.128
46119,South Dakota,ALWAYS,FREQUENTLY,0.228
46119,South Dakota,ALWAYS,ALWAYS,0.528
46121,South Dakota,FREQUENTLY,NEVER,0.147
46121,South Dakota,FREQUENTLY,RARELY,0.031
46121,South Dakota,FREQUENTLY,SOMETIMES,0.097
46121,South Dakota,FREQUENTLY,FREQUENTLY,0.368
46121,South Dakota,FREQUENTLY,ALWAYS,0.357
46123,South Dakota,ALWAYS,NEVER,0.142
46123,South Dakota,ALWAYS,RARELY,0.066
46123,South Dakota,ALWAYS,SOMETIMES,0.138
46123,South Dakota,ALWAYS,FREQUENTLY,0.311
46123,South Dakota,ALWAYS,ALWAYS,0.343
46125,South Dakota,ALWAYS,NEVER,0.084
46125,South Dakota,ALWAYS,RARELY,0.176
46125,South Dakota,ALWAYS,SOMETIMES,0.115
46125,South Dakota,ALWAYS,FREQUENTLY,0.251
46125,South Dakota,ALWAYS,ALWAYS,0.375
46127,South Dakota,ALWAYS,NEVER,0.082
46127,South Dakota,ALWAYS,RARELY,0.177
46127,South Dakota,ALWAYS,SOMETIMES,0.12
46127,South Dakota,ALWAYS,FREQUENTLY,0.204
46127,South Dakota,ALWAYS,ALWAYS,0.418
46129,South Dakota,ALWAYS,NEVER,0.14
46129,South Dakota,ALWAYS,RARELY,0.144
46129,South Dakota,ALWAYS,SOMETIMES,0.132
46129,South Dakota,ALWAYS,FREQUENTLY,0.265
46129,South Dakota,ALWAYS,ALWAYS,0.318
46135,South Dakota,FREQUENTLY,NEVER,0.109
46135,South Dakota,FREQUENTLY,RARELY,0.205
46135,South Dakota,FREQUENTLY,SOMETIMES,0.167
46135,South Dakota,FREQUENTLY,FREQUENTLY,0.26
46135,South Dakota,FREQUENTLY,ALWAYS,0.259
46137,South Dakota,ALWAYS,NEVER,0.105
46137,South Dakota,ALWAYS,RARELY,0.053
46137,South Dakota,ALWAYS,SOMETIMES,0.172
46137,South Dakota,ALWAYS,FREQUENTLY,0.235
46137,South Dakota,ALWAYS,ALWAYS,0.434
56001,Wyoming,ALWAYS,NEVER,0.136
56001,Wyoming,ALWAYS,RARELY,0.1
56001,Wyoming,ALWAYS,SOMETIMES,0.151
56001,Wyoming,ALWAYS,FREQUENTLY,0.181
56001,Wyoming,ALWAYS,ALWAYS,0.432
56003,Wyoming,FREQUENTLY,NEVER,0.182
56003,Wyoming,FREQUENTLY,RARELY,0.187
56003,Wyoming,FREQUENTLY,SOMETIMES,0.12
56003,Wyoming,FREQUENTLY,FREQUENTLY,0.257
56003,Wyoming,FREQUENTLY,ALWAYS,0.253
56005,Wyoming,ALWAYS,NEVER,0.216
56005,Wyoming,ALWAYS,RARELY,0.164
56005,Wyoming,ALWAYS,SOMETIMES,0.131
56005,Wyoming,ALWAYS,FREQUENTLY,0.201
56005,Wyoming,ALWAYS,ALWAYS,0.289
56007,Wyoming,ALWAYS,NEVER,0.044
56007,Wyoming,ALWAYS,RARELY,0.137
56007,Wyoming,ALWAYS,SOMETIMES,0.087
56007,Wyoming,ALWAYS,FREQUENTLY,0.278
56007,Wyoming,ALWAYS,ALWAYS,0.454
56009,Wyoming,ALWAYS,NEVER,0.138
56009,Wyoming,ALWAYS,RARELY,0.113
56009,Wyoming,ALWAYS,SOMETIMES,0.121
56009,Wyoming,ALWAYS,FREQUENTLY,0.293
56009,Wyoming,ALWAYS,ALWAYS,0.335
56011,Wyoming,ALWAYS,NEVER,0.145
56011,Wyoming,ALWAYS,RARELY,0.115
56011,Wyoming,ALWAYS,SOMETIMES,0.143
56011,Wyoming,ALWAYS,FREQUENTLY,0.192
56011,Wyoming,ALWAYS,ALWAYS,0.404
56013,Wyoming,ALWAYS,NEVER,0.16
56013,Wyoming,ALWAYS,RARELY,0.062
56013,Wyoming,ALWAYS,SOMETIMES,0.06
56013,Wyoming,ALWAYS,FREQUENTLY,0.294
56013,Wyoming,ALWAYS,ALWAYS,0.424
56015,Wyoming,ALWAYS,NEVER,0.201
56015,Wyoming,ALWAYS,RARELY,0.169
56015,Wyoming,ALWAYS,SOMETIMES,0.111
56015,Wyoming,ALWAYS,FREQUENTLY,0.223
56015,Wyoming,ALWAYS,ALWAYS,0.296
56017,Wyoming,ALWAYS,NEVER,0.208
56017,Wyoming,ALWAYS,RARELY,0.093
56017,Wyoming,ALWAYS,SOMETIMES,0.068
56017,Wyoming,ALWAYS,FREQUENTLY,0.307
56017,Wyoming,ALWAYS,ALWAYS,0.324
56019,Wyoming,ALWAYS,NEVER,0.183
56019,Wyoming,ALWAYS,RARELY,0.208
56019,Wyoming,ALWAYS,SOMETIMES,0.103
56019,Wyoming,ALWAYS,FREQUENTLY,0.216
56019,Wyoming,ALWAYS,ALWAYS,0.29
56021,Wyoming,ALWAYS,NEVER,0.143
56021,Wyoming,ALWAYS,RARELY,0.127
56021,Wyoming,ALWAYS,SOMETIMES,0.1
56021,Wyoming,ALWAYS,FREQUENTLY,0.221
56021,Wyoming,ALWAYS,ALWAYS,0.409
56023,Wyoming,ALWAYS,NEVER,0.131
56023,Wyoming,ALWAYS,RARELY,0.183
56023,Wyoming,ALWAYS,SOMETIMES,0.128
56023,Wyoming,ALWAYS,FREQUENTLY,0.235
56023,Wyoming,ALWAYS,ALWAYS,0.324
56025,Wyoming,ALWAYS,NEVER,0.1
56025,Wyoming,ALWAYS,RARELY,0.084
56025,Wyoming,ALWAYS,SOMETIMES,0.094
56025,Wyoming,ALWAYS,FREQUENTLY,0.325
56025,Wyoming,ALWAYS,ALWAYS,0.398
56027,Wyoming,ALWAYS,NEVER,0.169
56027,Wyoming,ALWAYS,RARELY,0.191
56027,Wyoming,ALWAYS,SOMETIMES,0.177
56027,Wyoming,ALWAYS,FREQUENTLY,0.222
56027,Wyoming,ALWAYS,ALWAYS,0.241
56029,Wyoming,ALWAYS,NEVER,0.189
56029,Wyoming,ALWAYS,RARELY,0.153
56029,Wyoming,ALWAYS,SOMETIMES,0.191
56029,Wyoming,ALWAYS,FREQUENTLY,0.205
56029,Wyoming,ALWAYS,ALWAYS,0.262
56031,Wyoming,ALWAYS,NEVER,0.149
56031,Wyoming,ALWAYS,RARELY,0.149
56031,Wyoming,ALWAYS,SOMETIMES,0.123
56031,Wyoming,ALWAYS,FREQUENTLY,0.16
56031,Wyoming,ALWAYS,ALWAYS,0.418
56033,Wyoming,ALWAYS,NEVER,0.17
56033,Wyoming,ALWAYS,RARELY,0.251
56033,Wyoming,ALWAYS,SOMETIMES,0.099
56033,Wyoming,ALWAYS,FREQUENTLY,0.203
56033,Wyoming,ALWAYS,ALWAYS,0.278
56035,Wyoming,ALWAYS,NEVER,0.223
56035,Wyoming,ALWAYS,RARELY,0.111
56035,Wyoming,ALWAYS,SOMETIMES,0.061
56035,Wyoming,ALWAYS,FREQUENTLY,0.231
56035,Wyoming,ALWAYS,ALWAYS,0.374
56037,Wyoming,RARELY,NEVER,0.061
56037,Wyoming,RARELY,RARELY,0.295
56037,Wyoming,RARELY,SOMETIMES,0.23
56037,Wyoming,RARELY,FREQUENTLY,0.146
56037,Wyoming,RARELY,ALWAYS,0.268
56039,Wyoming,ALWAYS,NEVER,0.095
56039,Wyoming,ALWAYS,RARELY,0.157
56039,Wyoming,ALWAYS,SOMETIMES,0.16
56039,Wyoming,ALWAYS,FREQUENTLY,0.247
56039,Wyoming,ALWAYS,ALWAYS,0.34
56041,Wyoming,RARELY,NEVER,0.098
56041,Wyoming,RARELY,RARELY,0.278
56041,Wyoming,RARELY,SOMETIMES,0.154
56041,Wyoming,RARELY,FREQUENTLY,0.207
56041,Wyoming,RARELY,ALWAYS,0.264
56043,Wyoming,ALWAYS,NEVER,0.204
56043,Wyoming,ALWAYS,RARELY,0.155
56043,Wyoming,ALWAYS,SOMETIMES,0.069
56043,Wyoming,ALWAYS,FREQUENTLY,0.285
56043,Wyoming,ALWAYS,ALWAYS,0.287
56045,Wyoming,ALWAYS,NEVER,0.142
56045,Wyoming,ALWAYS,RARELY,0.129
56045,Wyoming,ALWAYS,SOMETIMES,0.148
56045,Wyoming,ALWAYS,FREQUENTLY,0.207
56045,Wyoming,ALWAYS,ALWAYS,0.374
